<?xml version="1.0" encoding="UTF-8" ?>
<XMLDB PATH="local/predictor/db" VERSION="2025043000" COMMENT="Predictor plugin DB">
    <TABLE NAME="local_predictor_results" COMMENT="Stores prediction results">
        <FIELDS>
            <FIELD NAME="id" TYPE="int" LENGTH="10" NOTNULL="true" SEQUENCE="true"/>
            <FIELD NAME="userid" TYPE="int" LENGTH="10" NOTNULL="false"/>
            <FIELD NAME="studentid" TYPE="char" LENGTH="100" NOTNULL="false"/>
            <FIELD NAME="prediction" TYPE="char" LENGTH="20" NOTNULL="true"/>
            <FIELD NAME="confidence" TYPE="char" LENGTH="10" NOTNULL="true"/>
            <FIELD NAME="timecreated" TYPE="int" LENGTH="10" NOTNULL="true"/>
        </FIELDS>
        <KEYS>
            <KEY NAME="primary" TYPE="primary" FIELDS="id"/>
        </KEYS>
    </TABLE>
</XMLDB>
